Time (%),Total Time (ns),Instances,Avg (ns),Med (ns),Min (ns),Max (ns),StdDev (ns),GridXYZ,BlockXYZ,Name
22.8,34341037092,18594,1846888.1,1835433.0,1749039,2735561,52804.6,5211    1    1,1024    1    1,"gpu_self_repulsion(double *, double *, char *, double *, double *, double *, double *, double *, double *, double *, double *, int *, int *, double *, double *, double *, double *)"
16.1,24220569521,18594,1302601.4,1229624.0,1194951,2256488,110185.9,5211    1    1,1024    1    1,"diff_update(double *, char *, double *, double *, double *, double *, double *)"
15.6,23512003680,18594,1264494.1,1237513.0,1218474,2378505,53607.9,5211    1    1,1024    1    1,"gpu_sr_update(double *, double *, double *, int *, int *, double *)"
11.4,17148963486,18594,922284.8,940359.0,482884,1795081,246818.4,5211    1    1,1024    1    1,"gpu_diffusion(double *, double *, char *, double *, double *, double *, double *, double *, double *, double *, double *)"
9.5,14273537269,51138,279118.0,282338.0,264353,512577,16545.7,5211    1    1,1024    1    1,"relax_step(int, int, int, int, float, double, double *, char *, double *, double *, double *, double *, double *, double *, double *, double *, int, int, int, float)"
5.0,7485611884,18594,402582.1,421859.0,327427,765091,42450.6,5211    1    1,1024    1    1,"reset_rho(double *, double *, int)"
3.0,4558563525,9297,490326.3,513924.0,411748,904616,43785.5,5211    1    1,1024    1    1,"set_rho_zero(double *, double *, double *, double *)"
3.0,4455301561,9297,479219.3,370402.0,276034,979912,222818.6,5211    1    1,1024    1    1,"update_impurities(double *, double *, double *, double *, double *, double)"
2.0,2996352557,10898,274945.2,241121.0,225985,843943,114255.9,5211    1    1,1024    1    1,"cal_esum1(int, int, double *, double *, double *, double *, int)"
1.7,2610854165,18594,140413.8,76513.0,69441,948068,160242.7,5211    1    1,1024    1    1,"surface_drift(double *, double *, double *, int *, int *, double *)"
1.7,2579773466,10898,236719.9,239842.0,223074,409347,7779.0,5211    1    1,1024    1    1,"cal_hsum1(int, int, double *, double *, double *, double *, int)"
1.4,2143933270,18594,115302.4,81632.0,65152,810214,104829.8,5211    1    1,1024    1    1,"hvc_modicication(double *, double *, char *)"
1.3,1982242036,10898,181890.4,181825.0,177793,304354,2624.3,5211    1    1,1024    1    1,"cal_hsum2(int, int, double *, double *, double *, int)"
1.3,1965082087,10898,180315.8,180289.0,175394,290145,1609.0,5211    1    1,1024    1    1,"cal_esum2(int, int, double *, double *, double *, int)"
1.2,1737101732,18594,93422.7,67712.5,60673,360323,39597.6,5211    1    1,1024    1    1,"surface_drift_calc(double *, double *, double *, double *, double *, double *, double *, int *, int *, double *, char *)"
1.0,1560674739,43592,35801.9,35744.0,34785,218754,1835.5,2160    1    1, 256    1    1,"void cub::DeviceReduceKernel<cub::DeviceReducePolicy<double, double, int, thrust::plus<double>>::Policy600, double *, double *, int, thrust::plus<double>>(T2, T3, T4, cub::GridEvenShare<T4>, T5)"
0.7,990753518,25569,38748.2,38656.0,37696,239809,3084.8,2160    1    1, 256    1    1,"void cub::DeviceReduceKernel<cub::DeviceReducePolicy<double, double, int, thrust::plus<double>>::Policy600, thrust::device_ptr<double>, double *, int, thrust::plus<double>>(T2, T3, T4, cub::GridEvenShare<T4>, T5)"
0.5,762197598,25569,29809.4,29696.0,28641,223489,2671.2, 648    1    1, 256    1    1,"void thrust::cuda_cub::core::_kernel_agent<thrust::cuda_cub::__reduce::ReduceAgent<thrust::zip_iterator<thrust::tuple<thrust::device_ptr<double>, thrust::cuda_cub::counting_iterator_t<long>, thrust::null_type, thrust::null_type, thrust::null_type, thrust::null_type, thrust::null_type, thrust::null_type, thrust::null_type, thrust::null_type>>, thrust::tuple<double, long, thrust::null_type, thrust::null_type, thrust::null_type, thrust::null_type, thrust::null_type, thrust::null_type, thrust::null_type, thrust::null_type> *, thrust::tuple<double, long, thrust::null_type, thrust::null_type, thrust::null_type, thrust::null_type, thrust::null_type, thrust::null_type, thrust::null_type, thrust::null_type>, int, thrust::cuda_cub::__extrema::arg_max_f<double, long, thrust::less<double>>>, thrust::zip_iterator<thrust::tuple<thrust::device_ptr<double>, thrust::cuda_cub::counting_iterator_t<long>, thrust::null_type, thrust::null_type, thrust::null_type, thrust::null_type, thrust::null_type, thrust::null_type, thrust::null_type, thrust::null_type>>, thrust::tuple<double, long, thrust::null_type, thrust::null_type, thrust::null_type, thrust::null_type, thrust::null_type, thrust::null_type, thrust::null_type, thrust::null_type> *, int, cub::GridEvenShare<int>, cub::GridQueue<unsigned int>, thrust::cuda_cub::__extrema::arg_max_f<double, long, thrust::less<double>>>(T2, T3, T4, T5, T6, T7)"
0.2,311902925,69827,4466.8,4384.0,3840,7776,203.3,   1    1    1, 256    1    1,"void cub::DeviceReduceSingleTileKernel<cub::DeviceReducePolicy<double, double, int, thrust::plus<double>>::Policy600, double *, double *, int, thrust::plus<double>, double>(T2, T3, T4, T5, T6)"
0.1,156035808,25569,6102.5,6048.0,5440,196001,1228.5,1736    1    1,   1    1    1,"z_relection_set(double *, int, int, int, int, double *, double *, char *)"
0.1,146862463,25569,5743.8,5696.0,5152,188352,1182.2,2543    1    1,   1    1    1,"reflection_symmetry_set(double *, int, int, int, int)"
0.1,129200875,26235,4924.8,4832.0,4288,8864,383.8,   1    1    1, 256    1    1,"void thrust::cuda_cub::core::_kernel_agent<thrust::cuda_cub::__reduce::ReduceAgent<thrust::tuple<double, long, thrust::null_type, thrust::null_type, thrust::null_type, thrust::null_type, thrust::null_type, thrust::null_type, thrust::null_type, thrust::null_type> *, thrust::tuple<double, long, thrust::null_type, thrust::null_type, thrust::null_type, thrust::null_type, thrust::null_type, thrust::null_type, thrust::null_type, thrust::null_type> *, thrust::tuple<double, long, thrust::null_type, thrust::null_type, thrust::null_type, thrust::null_type, thrust::null_type, thrust::null_type, thrust::null_type, thrust::null_type>, int, thrust::cuda_cub::__extrema::arg_max_f<double, long, thrust::less<double>>>, thrust::tuple<double, long, thrust::null_type, thrust::null_type, thrust::null_type, thrust::null_type, thrust::null_type, thrust::null_type, thrust::null_type, thrust::null_type> *, thrust::tuple<double, long, thrust::null_type, thrust::null_type, thrust::null_type, thrust::null_type, thrust::null_type, thrust::null_type, thrust::null_type, thrust::null_type> *, int, thrust::cuda_cub::__extrema::arg_max_f<double, long, thrust::less<double>>>(T2, T3, T4, T5)"
0.1,89342251,26235,3405.5,3329.0,2816,193057,1666.5,   1    1    1, 256    1    1,"void thrust::cuda_cub::core::_kernel_agent<thrust::cuda_cub::__parallel_for::ParallelForAgent<thrust::cuda_cub::__uninitialized_copy::functor<thrust::tuple<double, long, thrust::null_type, thrust::null_type, thrust::null_type, thrust::null_type, thrust::null_type, thrust::null_type, thrust::null_type, thrust::null_type> *, thrust::pointer<thrust::tuple<double, long, thrust::null_type, thrust::null_type, thrust::null_type, thrust::null_type, thrust::null_type, thrust::null_type, thrust::null_type, thrust::null_type>, thrust::cuda_cub::tag, thrust::use_default, thrust::use_default>>, long>, thrust::cuda_cub::__uninitialized_copy::functor<thrust::tuple<double, long, thrust::null_type, thrust::null_type, thrust::null_type, thrust::null_type, thrust::null_type, thrust::null_type, thrust::null_type, thrust::null_type> *, thrust::pointer<thrust::tuple<double, long, thrust::null_type, thrust::null_type, thrust::null_type, thrust::null_type, thrust::null_type, thrust::null_type, thrust::null_type, thrust::null_type>, thrust::cuda_cub::tag, thrust::use_default, thrust::use_default>>, long>(T2, T3)"
0.1,86709975,26235,3305.1,3264.0,2720,194369,1199.4,   1    1    1, 256    1    1,"void thrust::cuda_cub::core::_kernel_agent<thrust::cuda_cub::__parallel_for::ParallelForAgent<thrust::cuda_cub::for_each_f<thrust::pointer<thrust::tuple<double, long, thrust::null_type, thrust::null_type, thrust::null_type, thrust::null_type, thrust::null_type, thrust::null_type, thrust::null_type, thrust::null_type>, thrust::cuda_cub::tag, thrust::use_default, thrust::use_default>, thrust::detail::wrapped_function<thrust::detail::allocator_traits_detail::construct1_via_allocator<thrust::detail::no_throw_allocator<thrust::detail::temporary_allocator<thrust::tuple<double, long, thrust::null_type, thrust::null_type, thrust::null_type, thrust::null_type, thrust::null_type, thrust::null_type, thrust::null_type, thrust::null_type>, thrust::cuda_cub::tag>>>, void>>, unsigned long>, thrust::cuda_cub::for_each_f<thrust::pointer<thrust::tuple<double, long, thrust::null_type, thrust::null_type, thrust::null_type, thrust::null_type, thrust::null_type, thrust::null_type, thrust::null_type, thrust::null_type>, thrust::cuda_cub::tag, thrust::use_default, thrust::use_default>, thrust::detail::wrapped_function<thrust::detail::allocator_traits_detail::construct1_via_allocator<thrust::detail::no_throw_allocator<thrust::detail::temporary_allocator<thrust::tuple<double, long, thrust::null_type, thrust::null_type, thrust::null_type, thrust::null_type, thrust::null_type, thrust::null_type, thrust::null_type, thrust::null_type>, thrust::cuda_cub::tag>>>, void>>, unsigned long>(T2, T3)"
0.1,82615403,26235,3149.1,3104.0,2719,5632,260.5,   1    1    1,   1    1    1,"void thrust::cuda_cub::core::_kernel_agent<thrust::cuda_cub::__reduce::DrainAgent<int>, cub::GridQueue<unsigned int>, int>(T2, T3)"
0.0,68060549,26235,2594.3,2561.0,2367,4608,218.2,   1    1    1, 256    1    1,"void thrust::cuda_cub::core::_kernel_agent<thrust::cuda_cub::__parallel_for::ParallelForAgent<thrust::cuda_cub::for_each_f<thrust::pointer<thrust::tuple<double, long, thrust::null_type, thrust::null_type, thrust::null_type, thrust::null_type, thrust::null_type, thrust::null_type, thrust::null_type, thrust::null_type>, thrust::cuda_cub::tag, thrust::use_default, thrust::use_default>, thrust::detail::wrapped_function<thrust::detail::allocator_traits_detail::gozer, void>>, long>, thrust::cuda_cub::for_each_f<thrust::pointer<thrust::tuple<double, long, thrust::null_type, thrust::null_type, thrust::null_type, thrust::null_type, thrust::null_type, thrust::null_type, thrust::null_type, thrust::null_type>, thrust::cuda_cub::tag, thrust::use_default, thrust::use_default>, thrust::detail::wrapped_function<thrust::detail::allocator_traits_detail::gozer, void>>, long>(T2, T3)"
0.0,62591212,1332,46990.4,46561.0,36768,51712,2806.4, 580    1    1,1024    1    1,"relax_step(int, int, int, int, float, double, double *, char *, double *, double *, double *, double *, double *, double *, double *, double *, int, int, int, float)"
0.0,11662613,2295,5081.7,5056.0,4768,8193,103.1,1737    1    1,   1    1    1,"set_passivated_imp(int, double *)"
0.0,6142577,666,9223.1,9280.0,7551,9920,363.5, 386    1    1, 256    1    1,"void thrust::cuda_cub::core::_kernel_agent<thrust::cuda_cub::__reduce::ReduceAgent<thrust::zip_iterator<thrust::tuple<thrust::device_ptr<double>, thrust::cuda_cub::counting_iterator_t<long>, thrust::null_type, thrust::null_type, thrust::null_type, thrust::null_type, thrust::null_type, thrust::null_type, thrust::null_type, thrust::null_type>>, thrust::tuple<double, long, thrust::null_type, thrust::null_type, thrust::null_type, thrust::null_type, thrust::null_type, thrust::null_type, thrust::null_type, thrust::null_type> *, thrust::tuple<double, long, thrust::null_type, thrust::null_type, thrust::null_type, thrust::null_type, thrust::null_type, thrust::null_type, thrust::null_type, thrust::null_type>, int, thrust::cuda_cub::__extrema::arg_max_f<double, long, thrust::less<double>>>, thrust::zip_iterator<thrust::tuple<thrust::device_ptr<double>, thrust::cuda_cub::counting_iterator_t<long>, thrust::null_type, thrust::null_type, thrust::null_type, thrust::null_type, thrust::null_type, thrust::null_type, thrust::null_type, thrust::null_type>>, thrust::tuple<double, long, thrust::null_type, thrust::null_type, thrust::null_type, thrust::null_type, thrust::null_type, thrust::null_type, thrust::null_type, thrust::null_type> *, int, cub::GridEvenShare<int>, cub::GridQueue<unsigned int>, thrust::cuda_cub::__extrema::arg_max_f<double, long, thrust::less<double>>>(T2, T3, T4, T5, T6, T7)"
0.0,5298859,666,7956.2,8032.0,6528,8416,320.9, 242    1    1, 256    1    1,"void cub::DeviceReduceKernel<cub::DeviceReducePolicy<double, double, int, thrust::plus<double>>::Policy600, thrust::device_ptr<double>, double *, int, thrust::plus<double>>(T2, T3, T4, cub::GridEvenShare<T4>, T5)"
0.0,4343140,666,6521.2,6561.0,5280,7361,271.2, 579    1    1,   1    1    1,"z_relection_set(double *, int, int, int, int, double *, double *, char *)"
0.0,3912788,666,5875.1,5920.0,4768,6368,245.8, 848    1    1,   1    1    1,"reflection_symmetry_set(double *, int, int, int, int)"
